{"0|0|0|1|1|1":[-0.22354130446910858,-0.2282351553440094,-0.15943120419979095],"0|0|0|3|1|1":[-0.2359897792339325,-0.22024379670619965,-0.1271177977323532],"0|0|0|0|-1|1":[-0.13113933801651,-0.254626989364624,-0.2196924388408661],"0|0|0|1|-1|-1":[-0.09834170341491699,-0.1597142517566681,-0.14612288773059845],"0|0|0|2|1|-1":[-0.18232062458992004,-0.1584053337574005,-0.13720346987247467],"0|0|0|0|1|-1":[-0.18183887004852295,-0.16805492341518402,-0.13214820623397827],"0|0|0|0|0|-1":[-0.10266733169555664,-0.0816897377371788,-0.11128274351358414],"0|0|0|1|1|0":[-0.16648581624031067,-0.18800640106201172,-0.18721546232700348],"0|0|0|0|0|1":[-0.19615347683429718,-0.2254059910774231,-0.20037494599819183],"0|0|0|2|-1|1":[-0.1830451488494873,-0.24647773802280426,-0.2527889609336853],"0|0|0|3|-1|-1":[-0.15596982836723328,-0.20410306751728058,-0.2313123196363449],"0|0|0|2|0|1":[-0.2322576493024826,-0.35688334703445435,-0.20267926156520844],"0|0|0|3|-1|0":[-0.24858717620372772,-0.2485906332731247,-0.16140514612197876],"0|0|0|3|-1|1":[-0.15800243616104126,-0.2506372332572937,-0.21419593691825867],"0|0|0|2|1|1":[-0.2491672784090042,-0.2651546597480774,-0.14119680225849152],"0|0|0|1|1|-1":[-0.18807436525821686,-0.2065308392047882,-0.1381693333387375],"0|0|0|0|-1|-1":[-0.13837005198001862,-0.17890112102031708,-0.2092715948820114],"0|0|0|0|1|1":[-0.2089257389307022,-0.2721203565597534,-0.17841266095638275],"0|0|0|1|-1|1":[-0.17102167010307312,-0.18471136689186096,-0.19205564260482788],"0|0|0|2|-1|-1":[-0.13289932906627655,-0.18106316030025482,-0.15299132466316223],"0|0|0|3|1|-1":[-0.18815124034881592,-0.1811571568250656,-0.14751163125038147],"0|0|0|0|1|0":[-0.14780154824256897,-0.18860843777656555,-0.18981550633907318],"0|0|0|1|0|1":[-0.21640509366989136,-0.29817092418670654,-0.16136544942855835],"0|0|0|2|-1|0":[-0.15634454786777496,-0.3323017358779907,-0.28639358282089233],"0|0|0|0|0|0":[-0.025120478123426437,-0.13301408290863037,-0.09754902124404907],"0|0|0|2|1|0":[-0.1952000856399536,-0.19901713728904724,-0.15148606896400452],"0|0|0|0|-1|0":[-0.1511986404657364,-0.18587127327919006,-0.1655232161283493],"0|0|0|1|0|-1":[-0.1518382728099823,-0.16882795095443726,-0.15186673402786255],"0|0|0|3|0|1":[-0.2766512334346771,-0.29521650075912476,-0.17217057943344116],"0|0|1|0|-1|-1":[-0.08710585534572601,-0.042228128761053085,-0.1734360307455063],"1|0|0|1|1|-1":[-0.1358412802219391,-0.12988561391830444,-0.12988872826099396],"0|1|0|3|1|1":[-0.23735208809375763,-0.11745660752058029,-0.07413873821496964],"0|0|0|3|0|-1":[-0.1147012785077095,-0.09981758147478104,-0.16247627139091492],"0|0|0|3|1|0":[-0.1886531263589859,-0.18842704594135284,-0.1268194615840912],"0|0|0|2|0|0":[-0.04229002073407173,0.049322113394737244,-0.03990163281559944],"0|0|1|2|-1|1":[-0.08671598881483078,-0.3073258101940155,-0.16192209720611572],"0|1|0|2|1|1":[-0.20755793154239655,-0.18648876249790192,-0.1212233453989029],"0|0|0|3|0|0":[-0.053787313401699066,-0.11700015515089035,-0.11073961108922958],"0|1|0|1|1|1":[-0.21562115848064423,-0.15793997049331665,-0.14081944525241852],"0|0|0|1|-1|0":[-0.11878930777311325,-0.1576760709285736,-0.16553474962711334],"0|1|0|1|1|-1":[-0.34355372190475464,-0.147043377161026,-0.10500199347734451],"0|0|1|1|-1|1":[-0.08581539988517761,-0.12340076267719269,-0.21759586036205292],"1|0|0|2|-1|-1":[-0.07566893100738525,-0.07875022292137146,-0.07990074902772903],"0|0|0|1|0|0":[-0.09642267972230911,-0.09708454459905624,-0.06385453790426254],"0|0|0|2|0|-1":[-0.07475665956735611,-0.0575551800429821,-0.06735796481370926],"0|1|0|1|0|0":[-0.17969229817390442,-0.2100202888250351,0.10676447302103043],"0|0|1|3|0|0":[0.12789490818977356,0.000819669512566179,0.013156971894204617],"1|0|0|0|1|-1":[-0.11624113470315933,-0.11651360988616943,-0.11750408262014389],"0|1|0|1|0|1":[-0.02803681045770645,-0.03157087787985802,-0.029208114370703697],"1|0|0|0|1|0":[-0.0791386291384697,-0.08348294347524643,-0.08269380033016205],"1|0|0|3|-1|-1":[-0.08056005090475082,-0.08265480399131775,-0.0808301642537117],"0|1|0|0|1|-1":[-0.2638811469078064,-0.035975728183984756,-0.031833603978157]}